{"nodes":{"node:104":{"location":{"x":730,"y":661}},"node:105":{"location":{"x":1080,"y":693}},"node:114":{"location":{"x":392,"y":517}},"node:115":{"location":{"x":390,"y":661}},"node:14":{"location":{"x":-255,"y":-49}},"node:2":{"location":{"x":-711,"y":-44}},"node:25":{"location":{"x":675,"y":30}},"node:32":{"location":{"x":1019,"y":-44}},"node:43":{"location":{"x":410,"y":-44}},"node:5":{"location":{"x":30,"y":66}},"node:53":{"location":{"x":-472,"y":37}},"node:58":{"location":{"x":11,"y":-96}},"node:65":{"location":{"x":96,"y":293}},"node:66":{"location":{"x":424,"y":309}},"node:69":{"location":{"x":696,"y":325}},"node:78":{"location":{"x":1101,"y":285}},"node:79":{"location":{"x":1080,"y":405}},"node:83":{"location":{"x":1080,"y":549}}},"selection":null,"view":{"scroll":{"x":44.1900787353515625,"y":-110.852447509765625},"visible_rect":{"max":{"x":1695.1900634765625,"y":900.1475830078125},"min":{"x":44.1900787353515625,"y":-110.852447509765625}},"zoom":1}}