{"nodes":{"node:14":{"location":{"x":-179,"y":-412}},"node:143":{"location":{"x":1062,"y":501}},"node:144":{"location":{"x":983,"y":-154}},"node:145":{"location":{"x":984,"y":-11}},"node:146":{"location":{"x":1014,"y":133}},"node:147":{"location":{"x":1078,"y":645}},"node:148":{"location":{"x":1057,"y":348}},"node:157":{"location":{"x":1288,"y":37}},"node:168":{"location":{"x":712,"y":645}},"node:172":{"location":{"x":1334,"y":341}},"node:2":{"location":{"x":-618,"y":-412}},"node:25":{"location":{"x":626,"y":-316}},"node:32":{"location":{"x":932,"y":-372}},"node:43":{"location":{"x":380,"y":-390}},"node:5":{"location":{"x":-4,"y":-262}},"node:53":{"location":{"x":-394,"y":-284}},"node:58":{"location":{"x":88,"y":-396}},"node:65":{"location":{"x":124,"y":302}},"node:66":{"location":{"x":386,"y":335}},"node:69":{"location":{"x":640,"y":399}}},"selection":null,"view":{"scroll":{"x":-371.582366943359375,"y":-300.174530029296875},"visible_rect":{"max":{"x":2558.835205078125,"y":1421.65087890625},"min":{"x":-743.16473388671875,"y":-600.34906005859375}},"zoom":0.5}}